loss,accuracy
0.9701472813006388,0.7177943587303162
0.14063472677562927,0.9573822617530823
0.0749190194449283,0.9765105247497559
0.060699777119797536,0.9818409085273743
0.046611267503586316,0.9853094816207886
0.037680077720209725,0.9879874587059021
0.03154190141990697,0.9906654357910156
0.02959287170416093,0.9907163977622986
0.028002979210050297,0.9916855692863464
0.029271095897418067,0.9911499619483948
